<application>
  <component name="MessDetector">
    <phpmd_settings_migrated />
  </component>
  <component name="PhpCodeSniffer">
    <phpcs_settings_migrated />
  </component>
  <component name="PhpInterpreters">
    <interpreters>
      <interpreter id="9afae237-e360-4d35-8608-7d5c535c9f04" name="PHP" home="/usr/local/php5/bin/php" debugger_id="php.debugger.XDebug" debugger_extension="/usr/local/php5/lib/php/extensions/no-debug-non-zts-20180731/xdebug.so" />
    </interpreters>
  </component>
</application>