<application>
  <component name="ProjectManager">
    <defaultProject>
      <component name="ComposerSettings">
        <execution>
          <executable />
        </execution>
      </component>
      <component name="PhpIncludePathManager">
        <include_path>
          <path value="/usr/local/php5/include" />
        </include_path>
      </component>
      <component name="PhpProjectSharedConfiguration" php_language_level="7.3" />
      <component name="PhpWorkspaceProjectConfiguration" interpreter_name="PHP">
        <include_path>
          <path value="/usr/local/php5/include" />
        </include_path>
      </component>
      <component name="PropertiesComponent">
        <property name="last_opened_file_path" value="/usr/local/php5/include" />
        <property name="settings.editor.selected.configurable" value="reference.webide.settings.project.settings.php" />
      </component>
    </defaultProject>
  </component>
</application>